name,email,city,processed_date
LEANNE GRAHAM,sincere@april.biz,Gwenborough,2026-08-27 16:53:50
ERVIN HOWELL,shanna@melissa.tv,Wisokyburgh,2026-08-27 16:53:50
CLEMENTINE BAUCH,nathan@yesenia.net,Mckenziehaven,2026-08-27 16:53:50
PATRICIA LEBSACK,julianne.oconner@kory.org,South Elvis,2026-08-27 16:53:50
CHELSEY DIETRICH,lucio_hettinger@annie.ca,Roscoeview,2026-08-27 16:53:50
MRS. DENNIS SCHULIST,karley_dach@jasper.info,South Christy,2026-08-27 16:53:50
KURTIS WEISSNAT,telly.hoeger@billy.biz,Howemouth,2026-08-27 16:53:50
NICHOLAS RUNOLFSDOTTIR V,sherwood@rosamond.me,Aliyaview,2026-08-27 16:53:50
GLENNA REICHERT,chaim_mcdermott@dana.io,Bartholomebury,2026-08-27 16:53:50
CLEMENTINA DUBUQUE,rey.padberg@karina.biz,Lebsackbury,2026-08-27 16:53:50
